{
    "tableName": "feeds",
    "description": "",
    "column": {
        "id": "ID của bài đăng trên Facebook",
        "actor_id": "ID của người hoặc trang đăng bài đăng",
        "target_id": "ID của người hoặc trang mà bài đăng được gửi tới",
        "type": "Loại bài đăng (status, photo, link, video, ...)",
        "app_id": "ID của ứng dụng liên quan đến bài đăng (nếu có)",
        "attribution": "Thông tin về nguồn gốc của bài đăng",
        "message": "Nội dung của bài đăng",
        "story": "Thông tin câu chuyện được chia sẻ trong bài đăng",
        "link": "Đường dẫn liên kết trong bài đăng (nếu có)",
        "picture": "Đường dẫn đến hình ảnh trong bài đăng (nếu có)",
        "source_id": "ID của người hoặc trang mà bài đăng được chia sẻ từ trang của họ",
        "created_time": "Thời gian tạo bài đăng",
        "updated_time": "Thời gian cập nhật bài đăng",
        "comments": "Thông tin về bình luận của bài đăng",
        "likes": "Thông tin về lượt thích (like) của bài đăng",
        "privacy": "Cài đặt quyền riêng tư của bài đăng",
        "permalink": "Đường dẫn tới bài đăng",
        "status_type": "Loại trạng thái của bài đăng (nếu là bài đăng trạng thái)",
        "shares": "Thông tin về số lần bài đăng được chia sẻ",
        "place": "Thông tin về địa điểm của bài đăng (nếu có)",
        "with_tags": "Thông tin về các người được đề cập trong bài đăng",
        "object_id": "ID của đối tượng trong bài đăng (nếu có)",
        "application": "Thông tin về ứng dụng liên quan đến bài đăng (nếu có)",
        "icon": "Đường dẫn đến biểu tượng của ứng dụng liên quan đến bài đăng (nếu có)",
        "is_hidden": "Xác định xem bài đăng có bị ẩn hay không",
        "is_expired": "Xác định xem bài đăng đã hết hạn hay không",
        "is_published": "Xác định xem bài đăng đã được công bố hay chưa",
        "scheduled_publish_time": "Thời gian dự kiến công bố của bài đăng (nếu có)",
        "targeting": "Thông tin về đối tượng mục tiêu của bài đăng (nếu có)",
        "message_tags": "Thông tin về các thẻ trong nội dung tin nhắn",
        "story_tags": ":tthông tin về những người được đề cập trong câu chuyện (story) trong bài đăng",
        "place_attachment_settings": "Cài đặt đính kèm địa điểm của bài đăng (nếu có)"
    }
}
